{
  "common/src/auth.rs": 100.0,
  "common/src/mailer.rs": 100.0,
  "common/src/media.rs": 98.21428571428571,
  "common/src/password.rs": 96.92307692307692,
  "common/src/render.rs": 97.06498951781971,
  "common/src/slug.rs": 100.0,
  "common/src/smtp.rs": 100.0,
  "common/src/storage/media.rs": 100.0,
  "common/src/storage/posts.rs": 100.0,
  "common/src/tag.rs": 100.0,
  "common/src/username.rs": 100.0,
  "hydrate/src/lib.rs": 0.0,
  "server/src/assets.rs": 0.0,
  "server/src/auth.rs": 100.0,
  "server/src/cli.rs": 89.93055555555556,
  "server/src/commands.rs": 81.52173913043478,
  "server/src/lib.rs": 98.38709677419355,
  "server/src/mailer.rs": 92.89340101522842,
  "server/src/main.rs": 94.0251572327044,
  "server/src/media.rs": 89.76744186046513,
  "server/src/observability.rs": 94.88188976377953,
  "server/src/storage/backup/mod.rs": 96.19326500732063,
  "server/src/storage/backup/postgres.rs": 12.741312741312742,
  "server/src/storage/backup/sqlite.rs": 95.32710280373831,
  "server/src/storage/mod.rs": 98.38129496402878,
  "server/src/storage/postgres.rs": 82.75862068965517,
  "server/src/storage/sqlite.rs": 94.03973509933775,
  "web/src/auth.rs": 91.88034188034187,
  "web/src/backup.rs": 98.11320754716981,
  "web/src/email.rs": 98.07692307692307,
  "web/src/error.rs": 98.73417721518987,
  "web/src/invites.rs": 97.82608695652173,
  "web/src/lib.rs": 100.0,
  "web/src/media.rs": 92.80000000000001,
  "web/src/pages/auth.rs": 79.76190476190477,
  "web/src/pages/backup.rs": 0.0,
  "web/src/pages/email.rs": 0.0,
  "web/src/pages/home.rs": 48.8,
  "web/src/pages/invites.rs": 50.0,
  "web/src/pages/media.rs": 0.0,
  "web/src/pages/mod.rs": 95.23809523809523,
  "web/src/pages/password_reset.rs": 0.0,
  "web/src/pages/posts.rs": 2.127659574468085,
  "web/src/pages/profile.rs": 77.14285714285715,
  "web/src/pages/sessions.rs": 47.61904761904761,
  "web/src/pages/ui.rs": 30.386740331491712,
  "web/src/pages/upload.rs": 0.0,
  "web/src/password_reset.rs": 98.48484848484848,
  "web/src/posts.rs": 95.58359621451103,
  "web/src/profile.rs": 97.72727272727273,
  "web/src/sessions.rs": 100.0,
  "web/src/tags.rs": 97.77777777777777
}
